time_s,normalized_heat_flow_w_g,normalized_heat_j_g,prominence
35784.211728811264,0.00422368354724149,100.07074341351867,0.0035778498168588056
48262.773175001144,0.004042484609431259,150.4693895687067,0.00012886237689167107
